url,prevalent_color1,prevalent_color2,prevalent_color3
,,,
http://i.imgur.com/TKLs9lo.jpg,fefefe,f4f4f4,e2e3e5
http://i.imgur.com/lcEUZHv.jpg,fefefd,c6bec1,4.84E+58
https://i.redd.it/xae65ypfqycy.jpg,f4f4f3,c7392d,61302f
http://i.imgur.com/FApqk3D.jpg,fefefe,f1c306,049e3e
https://i.redd.it/s5viyluv421z.jpg,bd854b,ab763e,734c2b
https://i.redd.it/4m5yk8gjrtzy.jpg,290f0a,0c0303,6a3e29
https://i.redd.it/w5q6gldnvcuy.jpg,1a1d33,0e0e1a,b78481
http://i.imgur.com/M3NOzLC.jpg,908f80,4b4a3e,7d766b
https://i.redd.it/1nlgrn49x7ry.jpg,171512,312a1f,625a4d
http://i.imgur.com/sXhEQez.jpg,fefefe,10101,c3c3c3
https://i.redd.it/h5t3qddvvzry.jpg,0c0a0a,29211d,4c3e35
https://i.redd.it/fsuv32a1cc9y.jpg,fcfcfc,6c5449,a18374
https://i.redd.it/cwljeujku33z.jpg,e3ded9,e8e5df,dad3cf
http://i.imgur.com/tyDhTll.jpg,0e0b08,201812,392d22
https://i.redd.it/ihczg3pmle3z.jpg,a1aa99,abb5a4,959e8d
http://i.imgur.com/puEqa4C.jpg,908a9a,2e221c,46332c
https://i.redd.it/7ofdqmp53bzy.jpg,b09f80,96856a,cfb593
http://i.imgur.com/RycdbMO.jpg,b5afa3,9b958a,384047
https://i.redd.it/cpkq97klre4z.jpg,a2a291,8d8979,757464
http://i.imgur.com/enhDnTM.jpg,fefefeff,cae6efff,eaf0f2ff
http://i.imgur.com/6pnYQUv.jpg,8c8c8f,1a1b1e,2b2c2e
https://i.redd.it/sn7ufk9fsv4z.jpg,9a9085,867b74,c6cdd3
https://i.redd.it/n9jq5j2tatcy.jpg,242a33,a8a998,bfc1b8
http://i.imgur.com/pt9rmrv.jpg,fbe8d6,e7b799,fefefb
https://i.redd.it/0qow2dksb34z.jpg,57623c,737053,958e5d
https://i.imgur.com/HRgRMOw.jpg,464d51,a5a1a7,3b8256
https://i.redd.it/rubsfuf64lvy.jpg,bab3a2,3a3b20,575031
https://i.redd.it/c5pk0vnpg3ty.jpg,6e80cc,fcfcfc,e7e8eb
https://i.redd.it/ru12lvaf7jyy.jpg,b6aeb0,9f9a99,181516
http://i.imgur.com/qvnjbVw.jpg,a7acb2,a1a5a9,989da2
https://i.redd.it/ax4eueu0szpy.jpg,bab9c7,9f8b87,b99f9a
https://i.redd.it/guul6eld2soy.jpg,857c68,534a32,6d6150
http://i.imgur.com/Gh2I3pq.jpg,b8a493,c3af9e,d0bcaa
https://i.redd.it/tb5pckm6e72y.jpg,b3b1a7,9d9e97,dbdcd2
https://i.redd.it/m4cfqp8wfv5z.jpg,d6d5d6,cccbcb,1b1c21
http://i.imgur.com/FApqk3D.jpg,fefefe,f1c306,049e3e
https://i.redd.it/fyqzavufvjwy.jpg,e2b283,c9966d,a87c5b
http://i.imgur.com/TKLs9lo.jpg,fefefe,f4f4f4,e2e3e5
https://i.redd.it/xae65ypfqycy.jpg,f4f4f3,c7392d,61302f
https://i.redd.it/lsuw4p2ncyny.jpg,9e7443,ba8e52,685538
http://i.imgur.com/lcEUZHv.jpg,fefefd,c6bec1,4.84E+58
https://i.redd.it/4m5yk8gjrtzy.jpg,290f0a,0c0303,6a3e29
https://i.redd.it/1nlgrn49x7ry.jpg,171512,312a1f,625a4d
http://i.imgur.com/M3NOzLC.jpg,908f80,4b4a3e,7d766b
https://i.redd.it/s5viyluv421z.jpg,bd854b,ab763e,734c2b
https://i.redd.it/w5q6gldnvcuy.jpg,1a1d33,0e0e1a,b78481
http://i.imgur.com/sXhEQez.jpg,fefefe,10101,c3c3c3
https://i.redd.it/h5t3qddvvzry.jpg,0c0a0a,29211d,4c3e35
https://i.redd.it/fsuv32a1cc9y.jpg,fcfcfc,6c5449,a18374
https://i.redd.it/cwljeujku33z.jpg,e3ded9,e8e5df,dad3cf
https://i.redd.it/7ofdqmp53bzy.jpg,b09f80,96856a,cfb593
http://i.imgur.com/tyDhTll.jpg,0e0b08,201812,392d22
http://i.imgur.com/puEqa4C.jpg,908a9a,2e221c,46332c
https://i.redd.it/cpkq97klre4z.jpg,a2a291,8d8979,757464
https://i.redd.it/ihczg3pmle3z.jpg,a1aa99,abb5a4,959e8d
http://i.imgur.com/RycdbMO.jpg,b5afa3,9b958a,384047
https://i.redd.it/sn7ufk9fsv4z.jpg,9a9085,867b74,c6cdd3
http://i.imgur.com/enhDnTM.jpg,fefefeff,cae6efff,eaf0f2ff
https://i.redd.it/n9jq5j2tatcy.jpg,242a33,a8a998,bfc1b8
http://i.imgur.com/pt9rmrv.jpg,fbe8d6,e7b799,fefefb
https://i.redd.it/0qow2dksb34z.jpg,57623c,737053,958e5d
http://i.imgur.com/6pnYQUv.jpg,8c8c8f,1a1b1e,2b2c2e
https://i.redd.it/rubsfuf64lvy.jpg,bab3a2,3a3b20,575031
https://i.imgur.com/HRgRMOw.jpg,464d51,a5a1a7,3b8256
https://i.redd.it/c5pk0vnpg3ty.jpg,6e80cc,fcfcfc,e7e8eb
https://i.redd.it/ru12lvaf7jyy.jpg,b6aeb0,9f9a99,181516
http://i.imgur.com/qvnjbVw.jpg,a7acb2,a1a5a9,989da2
https://i.redd.it/ax4eueu0szpy.jpg,bab9c7,9f8b87,b99f9a
https://i.redd.it/guul6eld2soy.jpg,857c68,534a32,6d6150
http://i.imgur.com/Gh2I3pq.jpg,b8a493,c3af9e,d0bcaa
https://i.redd.it/tb5pckm6e72y.jpg,b3b1a7,9d9e97,dbdcd2
https://i.redd.it/fyqzavufvjwy.jpg,e2b283,c9966d,a87c5b
https://i.redd.it/m4cfqp8wfv5z.jpg,d6d5d6,cccbcb,1b1c21
http://i.imgur.com/FApqk3D.jpg,fefefe,f1c306,049e3e
http://i.imgur.com/TKLs9lo.jpg,fefefe,f4f4f4,e2e3e5
https://i.redd.it/xae65ypfqycy.jpg,f4f4f3,c7392d,61302f
https://i.redd.it/lsuw4p2ncyny.jpg,9e7443,ba8e52,685538
https://i.redd.it/4m5yk8gjrtzy.jpg,290f0a,0c0303,6a3e29
http://i.imgur.com/lcEUZHv.jpg,fefefd,c6bec1,4.84E+58
https://i.redd.it/1nlgrn49x7ry.jpg,171512,312a1f,625a4d
http://i.imgur.com/M3NOzLC.jpg,908f80,4b4a3e,7d766b
https://i.redd.it/s5viyluv421z.jpg,bd854b,ab763e,734c2b
https://i.redd.it/w5q6gldnvcuy.jpg,1a1d33,0e0e1a,b78481
https://i.redd.it/h5t3qddvvzry.jpg,0c0a0a,29211d,4c3e35
http://i.imgur.com/sXhEQez.jpg,fefefe,10101,c3c3c3
https://i.redd.it/fsuv32a1cc9y.jpg,fcfcfc,6c5449,a18374
https://i.redd.it/cwljeujku33z.jpg,e3ded9,e8e5df,dad3cf
https://i.redd.it/7ofdqmp53bzy.jpg,b09f80,96856a,cfb593
http://i.imgur.com/tyDhTll.jpg,0e0b08,201812,392d22
http://i.imgur.com/puEqa4C.jpg,908a9a,2e221c,46332c
https://i.redd.it/ihczg3pmle3z.jpg,a1aa99,abb5a4,959e8d
https://i.redd.it/cpkq97klre4z.jpg,a2a291,8d8979,757464
https://i.redd.it/sn7ufk9fsv4z.jpg,9a9085,867b74,c6cdd3
http://i.imgur.com/RycdbMO.jpg,b5afa3,9b958a,384047
http://i.imgur.com/enhDnTM.jpg,fefefeff,cae6efff,eaf0f2ff
https://i.redd.it/n9jq5j2tatcy.jpg,242a33,a8a998,bfc1b8
https://i.redd.it/0qow2dksb34z.jpg,57623c,737053,958e5d
http://i.imgur.com/pt9rmrv.jpg,fbe8d6,e7b799,fefefb
http://i.imgur.com/6pnYQUv.jpg,8c8c8f,1a1b1e,2b2c2e
https://i.imgur.com/HRgRMOw.jpg,464d51,a5a1a7,3b8256
https://i.redd.it/rubsfuf64lvy.jpg,bab3a2,3a3b20,575031
https://i.redd.it/c5pk0vnpg3ty.jpg,6e80cc,fcfcfc,e7e8eb
https://i.redd.it/ru12lvaf7jyy.jpg,b6aeb0,9f9a99,181516
http://i.imgur.com/qvnjbVw.jpg,a7acb2,a1a5a9,989da2
https://i.redd.it/guul6eld2soy.jpg,857c68,534a32,6d6150
https://i.redd.it/ax4eueu0szpy.jpg,bab9c7,9f8b87,b99f9a
http://i.imgur.com/Gh2I3pq.jpg,b8a493,c3af9e,d0bcaa
https://i.redd.it/tb5pckm6e72y.jpg,b3b1a7,9d9e97,dbdcd2
https://i.redd.it/fyqzavufvjwy.jpg,e2b283,c9966d,a87c5b
https://i.redd.it/m4cfqp8wfv5z.jpg,d6d5d6,cccbcb,1b1c21
http://i.imgur.com/FApqk3D.jpg,fefefe,f1c306,049e3e
http://i.imgur.com/TKLs9lo.jpg,fefefe,f4f4f4,e2e3e5
https://i.redd.it/lsuw4p2ncyny.jpg,9e7443,ba8e52,685538
http://i.imgur.com/lcEUZHv.jpg,fefefd,c6bec1,4.84E+58
https://i.redd.it/xae65ypfqycy.jpg,f4f4f3,c7392d,61302f
https://i.redd.it/4m5yk8gjrtzy.jpg,290f0a,0c0303,6a3e29
http://i.imgur.com/M3NOzLC.jpg,908f80,4b4a3e,7d766b
https://i.redd.it/1nlgrn49x7ry.jpg,171512,312a1f,625a4d
https://i.redd.it/w5q6gldnvcuy.jpg,1a1d33,0e0e1a,b78481
https://i.redd.it/s5viyluv421z.jpg,bd854b,ab763e,734c2b
http://i.imgur.com/sXhEQez.jpg,fefefe,10101,c3c3c3
https://i.redd.it/h5t3qddvvzry.jpg,0c0a0a,29211d,4c3e35
https://i.redd.it/fsuv32a1cc9y.jpg,fcfcfc,6c5449,a18374
https://i.redd.it/cwljeujku33z.jpg,e3ded9,e8e5df,dad3cf
http://i.imgur.com/tyDhTll.jpg,0e0b08,201812,392d22
http://i.imgur.com/puEqa4C.jpg,908a9a,2e221c,46332c
https://i.redd.it/7ofdqmp53bzy.jpg,b09f80,96856a,cfb593
https://i.redd.it/ihczg3pmle3z.jpg,a1aa99,abb5a4,959e8d
https://i.redd.it/cpkq97klre4z.jpg,a2a291,8d8979,757464
http://i.imgur.com/RycdbMO.jpg,b5afa3,9b958a,384047
https://i.redd.it/sn7ufk9fsv4z.jpg,9a9085,867b74,c6cdd3
http://i.imgur.com/enhDnTM.jpg,fefefeff,cae6efff,eaf0f2ff
https://i.redd.it/n9jq5j2tatcy.jpg,242a33,a8a998,bfc1b8
https://i.redd.it/0qow2dksb34z.jpg,57623c,737053,958e5d
http://i.imgur.com/6pnYQUv.jpg,8c8c8f,1a1b1e,2b2c2e
http://i.imgur.com/pt9rmrv.jpg,fbe8d6,e7b799,fefefb
https://i.imgur.com/HRgRMOw.jpg,464d51,a5a1a7,3b8256
https://i.redd.it/rubsfuf64lvy.jpg,bab3a2,3a3b20,575031
https://i.redd.it/c5pk0vnpg3ty.jpg,6e80cc,fcfcfc,e7e8eb
https://i.redd.it/ru12lvaf7jyy.jpg,b6aeb0,9f9a99,181516
http://i.imgur.com/qvnjbVw.jpg,a7acb2,a1a5a9,989da2
https://i.redd.it/ax4eueu0szpy.jpg,bab9c7,9f8b87,b99f9a
https://i.redd.it/guul6eld2soy.jpg,857c68,534a32,6d6150
http://i.imgur.com/Gh2I3pq.jpg,b8a493,c3af9e,d0bcaa
https://i.redd.it/tb5pckm6e72y.jpg,b3b1a7,9d9e97,dbdcd2
http://i.imgur.com/FApqk3D.jpg,fefefe,f1c306,049e3e
http://i.imgur.com/TKLs9lo.jpg,fefefe,f4f4f4,e2e3e5
https://i.redd.it/fyqzavufvjwy.jpg,e2b283,c9966d,a87c5b
https://i.redd.it/m4cfqp8wfv5z.jpg,d6d5d6,cccbcb,1b1c21
https://i.redd.it/xae65ypfqycy.jpg,f4f4f3,c7392d,61302f
https://i.redd.it/4m5yk8gjrtzy.jpg,290f0a,0c0303,6a3e29
https://i.redd.it/lsuw4p2ncyny.jpg,9e7443,ba8e52,685538
http://i.imgur.com/lcEUZHv.jpg,fefefd,c6bec1,4.84E+58
https://i.redd.it/s5viyluv421z.jpg,bd854b,ab763e,734c2b
http://i.imgur.com/M3NOzLC.jpg,908f80,4b4a3e,7d766b
https://i.redd.it/1nlgrn49x7ry.jpg,171512,312a1f,625a4d
https://i.redd.it/w5q6gldnvcuy.jpg,1a1d33,0e0e1a,b78481
http://i.imgur.com/sXhEQez.jpg,fefefe,10101,c3c3c3
https://i.redd.it/h5t3qddvvzry.jpg,0c0a0a,29211d,4c3e35
https://i.redd.it/7ofdqmp53bzy.jpg,b09f80,96856a,cfb593
https://i.redd.it/cwljeujku33z.jpg,e3ded9,e8e5df,dad3cf
https://i.redd.it/fsuv32a1cc9y.jpg,fcfcfc,6c5449,a18374
https://i.redd.it/cpkq97klre4z.jpg,a2a291,8d8979,757464
http://i.imgur.com/tyDhTll.jpg,0e0b08,201812,392d22
http://i.imgur.com/puEqa4C.jpg,908a9a,2e221c,46332c
https://i.redd.it/ihczg3pmle3z.jpg,a1aa99,abb5a4,959e8d
http://i.imgur.com/RycdbMO.jpg,b5afa3,9b958a,384047
https://i.redd.it/sn7ufk9fsv4z.jpg,9a9085,867b74,c6cdd3
https://i.redd.it/n9jq5j2tatcy.jpg,242a33,a8a998,bfc1b8
http://i.imgur.com/enhDnTM.jpg,fefefeff,cae6efff,eaf0f2ff
http://i.imgur.com/6pnYQUv.jpg,8c8c8f,1a1b1e,2b2c2e
https://i.redd.it/0qow2dksb34z.jpg,57623c,737053,958e5d
https://i.redd.it/c5pk0vnpg3ty.jpg,6e80cc,fcfcfc,e7e8eb
http://i.imgur.com/pt9rmrv.jpg,fbe8d6,e7b799,fefefb
https://i.redd.it/rubsfuf64lvy.jpg,bab3a2,3a3b20,575031
https://i.redd.it/ru12lvaf7jyy.jpg,b6aeb0,9f9a99,181516
https://i.imgur.com/HRgRMOw.jpg,464d51,a5a1a7,3b8256
http://i.imgur.com/qvnjbVw.jpg,a7acb2,a1a5a9,989da2
https://i.redd.it/ax4eueu0szpy.jpg,bab9c7,9f8b87,b99f9a
https://i.redd.it/guul6eld2soy.jpg,857c68,534a32,6d6150
http://i.imgur.com/Gh2I3pq.jpg,b8a493,c3af9e,d0bcaa
http://i.imgur.com/FApqk3D.jpg,fefefe,f1c306,049e3e
https://i.redd.it/tb5pckm6e72y.jpg,b3b1a7,9d9e97,dbdcd2
https://i.redd.it/fyqzavufvjwy.jpg,e2b283,c9966d,a87c5b
https://i.redd.it/m4cfqp8wfv5z.jpg,d6d5d6,cccbcb,1b1c21
http://i.imgur.com/TKLs9lo.jpg,fefefe,f4f4f4,e2e3e5
https://i.redd.it/lsuw4p2ncyny.jpg,9e7443,ba8e52,685538
http://i.imgur.com/lcEUZHv.jpg,fefefd,c6bec1,4.84E+58
https://i.redd.it/xae65ypfqycy.jpg,f4f4f3,c7392d,61302f
https://i.redd.it/4m5yk8gjrtzy.jpg,290f0a,0c0303,6a3e29
https://i.redd.it/1nlgrn49x7ry.jpg,171512,312a1f,625a4d
http://i.imgur.com/M3NOzLC.jpg,908f80,4b4a3e,7d766b
https://i.redd.it/w5q6gldnvcuy.jpg,1a1d33,0e0e1a,b78481
https://i.redd.it/s5viyluv421z.jpg,bd854b,ab763e,734c2b
https://i.redd.it/h5t3qddvvzry.jpg,0c0a0a,29211d,4c3e35
http://i.imgur.com/sXhEQez.jpg,fefefe,10101,c3c3c3
https://i.redd.it/cwljeujku33z.jpg,e3ded9,e8e5df,dad3cf
https://i.redd.it/fsuv32a1cc9y.jpg,fcfcfc,6c5449,a18374
https://i.redd.it/7ofdqmp53bzy.jpg,b09f80,96856a,cfb593
http://i.imgur.com/tyDhTll.jpg,0e0b08,201812,392d22
https://i.redd.it/cpkq97klre4z.jpg,a2a291,8d8979,757464
http://i.imgur.com/puEqa4C.jpg,908a9a,2e221c,46332c
https://i.redd.it/ihczg3pmle3z.jpg,a1aa99,abb5a4,959e8d
http://i.imgur.com/RycdbMO.jpg,b5afa3,9b958a,384047
https://i.redd.it/sn7ufk9fsv4z.jpg,9a9085,867b74,c6cdd3
https://i.redd.it/0qow2dksb34z.jpg,57623c,737053,958e5d
https://i.redd.it/n9jq5j2tatcy.jpg,242a33,a8a998,bfc1b8
http://i.imgur.com/enhDnTM.jpg,fefefeff,cae6efff,eaf0f2ff
http://i.imgur.com/pt9rmrv.jpg,fbe8d6,e7b799,fefefb
http://i.imgur.com/6pnYQUv.jpg,8c8c8f,1a1b1e,2b2c2e
https://i.redd.it/rubsfuf64lvy.jpg,bab3a2,3a3b20,575031
https://i.imgur.com/HRgRMOw.jpg,464d51,a5a1a7,3b8256
https://i.redd.it/ru12lvaf7jyy.jpg,b6aeb0,9f9a99,181516
https://i.redd.it/c5pk0vnpg3ty.jpg,6e80cc,fcfcfc,e7e8eb
http://i.imgur.com/qvnjbVw.jpg,a7acb2,a1a5a9,989da2
https://i.redd.it/ax4eueu0szpy.jpg,bab9c7,9f8b87,b99f9a
https://i.redd.it/guul6eld2soy.jpg,857c68,534a32,6d6150
https://i.redd.it/fyqzavufvjwy.jpg,e2b283,c9966d,a87c5b
https://i.redd.it/tb5pckm6e72y.jpg,b3b1a7,9d9e97,dbdcd2
http://i.imgur.com/Gh2I3pq.jpg,b8a493,c3af9e,d0bcaa
https://i.redd.it/m4cfqp8wfv5z.jpg,d6d5d6,cccbcb,1b1c21
http://i.imgur.com/FApqk3D.jpg,fefefe,f1c306,049e3e
http://i.imgur.com/TKLs9lo.jpg,fefefe,f4f4f4,e2e3e5
https://i.redd.it/xae65ypfqycy.jpg,f4f4f3,c7392d,61302f
https://i.redd.it/lsuw4p2ncyny.jpg,9e7443,ba8e52,685538
https://i.redd.it/4m5yk8gjrtzy.jpg,290f0a,0c0303,6a3e29
http://i.imgur.com/lcEUZHv.jpg,fefefd,c6bec1,4.84E+58
http://i.imgur.com/M3NOzLC.jpg,908f80,4b4a3e,7d766b
https://i.redd.it/1nlgrn49x7ry.jpg,171512,312a1f,625a4d
https://i.redd.it/w5q6gldnvcuy.jpg,1a1d33,0e0e1a,b78481
https://i.redd.it/s5viyluv421z.jpg,bd854b,ab763e,734c2b
https://i.redd.it/h5t3qddvvzry.jpg,0c0a0a,29211d,4c3e35
http://i.imgur.com/sXhEQez.jpg,fefefe,10101,c3c3c3
https://i.redd.it/fsuv32a1cc9y.jpg,fcfcfc,6c5449,a18374
https://i.redd.it/cwljeujku33z.jpg,e3ded9,e8e5df,dad3cf
https://i.redd.it/7ofdqmp53bzy.jpg,b09f80,96856a,cfb593
http://i.imgur.com/tyDhTll.jpg,0e0b08,201812,392d22
http://i.imgur.com/puEqa4C.jpg,908a9a,2e221c,46332c
https://i.redd.it/ihczg3pmle3z.jpg,a1aa99,abb5a4,959e8d
https://i.redd.it/cpkq97klre4z.jpg,a2a291,8d8979,757464
http://i.imgur.com/RycdbMO.jpg,b5afa3,9b958a,384047
https://i.redd.it/sn7ufk9fsv4z.jpg,9a9085,867b74,c6cdd3
http://i.imgur.com/enhDnTM.jpg,fefefeff,cae6efff,eaf0f2ff
https://i.redd.it/n9jq5j2tatcy.jpg,242a33,a8a998,bfc1b8
https://i.redd.it/0qow2dksb34z.jpg,57623c,737053,958e5d
http://i.imgur.com/pt9rmrv.jpg,fbe8d6,e7b799,fefefb
http://i.imgur.com/6pnYQUv.jpg,8c8c8f,1a1b1e,2b2c2e
https://i.redd.it/rubsfuf64lvy.jpg,bab3a2,3a3b20,575031
https://i.imgur.com/HRgRMOw.jpg,464d51,a5a1a7,3b8256
https://i.redd.it/c5pk0vnpg3ty.jpg,6e80cc,fcfcfc,e7e8eb
https://i.redd.it/ru12lvaf7jyy.jpg,b6aeb0,9f9a99,181516
https://i.redd.it/ax4eueu0szpy.jpg,bab9c7,9f8b87,b99f9a
http://i.imgur.com/qvnjbVw.jpg,a7acb2,a1a5a9,989da2
https://i.redd.it/guul6eld2soy.jpg,857c68,534a32,6d6150
http://i.imgur.com/Gh2I3pq.jpg,b8a493,c3af9e,d0bcaa
https://i.redd.it/tb5pckm6e72y.jpg,b3b1a7,9d9e97,dbdcd2
https://i.redd.it/fyqzavufvjwy.jpg,e2b283,c9966d,a87c5b
https://i.redd.it/m4cfqp8wfv5z.jpg,d6d5d6,cccbcb,1b1c21
http://i.imgur.com/FApqk3D.jpg,fefefe,f1c306,049e3e
http://i.imgur.com/TKLs9lo.jpg,fefefe,f4f4f4,e2e3e5
https://i.redd.it/xae65ypfqycy.jpg,f4f4f3,c7392d,61302f
https://i.redd.it/lsuw4p2ncyny.jpg,9e7443,ba8e52,685538
https://i.redd.it/4m5yk8gjrtzy.jpg,290f0a,0c0303,6a3e29
http://i.imgur.com/lcEUZHv.jpg,fefefd,c6bec1,4.84E+58
http://i.imgur.com/M3NOzLC.jpg,908f80,4b4a3e,7d766b
https://i.redd.it/w5q6gldnvcuy.jpg,1a1d33,0e0e1a,b78481
https://i.redd.it/1nlgrn49x7ry.jpg,171512,312a1f,625a4d
https://i.redd.it/s5viyluv421z.jpg,bd854b,ab763e,734c2b
http://i.imgur.com/sXhEQez.jpg,fefefe,10101,c3c3c3
https://i.redd.it/h5t3qddvvzry.jpg,0c0a0a,29211d,4c3e35
https://i.redd.it/fsuv32a1cc9y.jpg,fcfcfc,6c5449,a18374
https://i.redd.it/cwljeujku33z.jpg,e3ded9,e8e5df,dad3cf
https://i.redd.it/7ofdqmp53bzy.jpg,b09f80,96856a,cfb593
http://i.imgur.com/tyDhTll.jpg,0e0b08,201812,392d22
http://i.imgur.com/puEqa4C.jpg,908a9a,2e221c,46332c
https://i.redd.it/ihczg3pmle3z.jpg,a1aa99,abb5a4,959e8d
https://i.redd.it/cpkq97klre4z.jpg,a2a291,8d8979,757464
http://i.imgur.com/RycdbMO.jpg,b5afa3,9b958a,384047
http://i.imgur.com/enhDnTM.jpg,fefefeff,cae6efff,eaf0f2ff
https://i.redd.it/n9jq5j2tatcy.jpg,242a33,a8a998,bfc1b8
https://i.redd.it/sn7ufk9fsv4z.jpg,9a9085,867b74,c6cdd3
https://i.redd.it/0qow2dksb34z.jpg,57623c,737053,958e5d
https://i.redd.it/c5pk0vnpg3ty.jpg,6e80cc,fcfcfc,e7e8eb
https://i.redd.it/rubsfuf64lvy.jpg,bab3a2,3a3b20,575031
http://i.imgur.com/6pnYQUv.jpg,8c8c8f,1a1b1e,2b2c2e
http://i.imgur.com/pt9rmrv.jpg,fbe8d6,e7b799,fefefb
https://i.redd.it/ru12lvaf7jyy.jpg,b6aeb0,9f9a99,181516
http://i.imgur.com/qvnjbVw.jpg,a7acb2,a1a5a9,989da2
https://i.imgur.com/HRgRMOw.jpg,464d51,a5a1a7,3b8256
https://i.redd.it/ax4eueu0szpy.jpg,bab9c7,9f8b87,b99f9a
https://i.redd.it/guul6eld2soy.jpg,857c68,534a32,6d6150
http://i.imgur.com/TKLs9lo.jpg,fefefe,f4f4f4,e2e3e5
http://i.imgur.com/FApqk3D.jpg,fefefe,f1c306,049e3e
http://i.imgur.com/Gh2I3pq.jpg,b8a493,c3af9e,d0bcaa
https://i.redd.it/tb5pckm6e72y.jpg,b3b1a7,9d9e97,dbdcd2
https://i.redd.it/fyqzavufvjwy.jpg,e2b283,c9966d,a87c5b
https://i.redd.it/m4cfqp8wfv5z.jpg,d6d5d6,cccbcb,1b1c21
https://i.redd.it/lsuw4p2ncyny.jpg,9e7443,ba8e52,685538
https://i.redd.it/4m5yk8gjrtzy.jpg,290f0a,0c0303,6a3e29
http://i.imgur.com/lcEUZHv.jpg,fefefd,c6bec1,4.84E+58
https://i.redd.it/xae65ypfqycy.jpg,f4f4f3,c7392d,61302f
https://i.redd.it/s5viyluv421z.jpg,bd854b,ab763e,734c2b
https://i.redd.it/1nlgrn49x7ry.jpg,171512,312a1f,625a4d
http://i.imgur.com/M3NOzLC.jpg,908f80,4b4a3e,7d766b
https://i.redd.it/w5q6gldnvcuy.jpg,1a1d33,0e0e1a,b78481
https://i.redd.it/h5t3qddvvzry.jpg,0c0a0a,29211d,4c3e35
http://i.imgur.com/sXhEQez.jpg,fefefe,10101,c3c3c3
https://i.redd.it/fsuv32a1cc9y.jpg,fcfcfc,6c5449,a18374
https://i.redd.it/7ofdqmp53bzy.jpg,b09f80,96856a,cfb593
https://i.redd.it/cwljeujku33z.jpg,e3ded9,e8e5df,dad3cf
https://i.redd.it/cpkq97klre4z.jpg,a2a291,8d8979,757464
http://i.imgur.com/tyDhTll.jpg,0e0b08,201812,392d22
http://i.imgur.com/puEqa4C.jpg,908a9a,2e221c,46332c
https://i.redd.it/ihczg3pmle3z.jpg,a1aa99,abb5a4,959e8d
http://i.imgur.com/RycdbMO.jpg,b5afa3,9b958a,384047
https://i.redd.it/sn7ufk9fsv4z.jpg,9a9085,867b74,c6cdd3
http://i.imgur.com/enhDnTM.jpg,fefefeff,cae6efff,eaf0f2ff
https://i.redd.it/0qow2dksb34z.jpg,57623c,737053,958e5d
https://i.redd.it/n9jq5j2tatcy.jpg,242a33,a8a998,bfc1b8
http://i.imgur.com/6pnYQUv.jpg,8c8c8f,1a1b1e,2b2c2e
http://i.imgur.com/pt9rmrv.jpg,fbe8d6,e7b799,fefefb
https://i.redd.it/rubsfuf64lvy.jpg,bab3a2,3a3b20,575031
https://i.imgur.com/HRgRMOw.jpg,464d51,a5a1a7,3b8256
https://i.redd.it/c5pk0vnpg3ty.jpg,6e80cc,fcfcfc,e7e8eb
https://i.redd.it/ru12lvaf7jyy.jpg,b6aeb0,9f9a99,181516
http://i.imgur.com/qvnjbVw.jpg,a7acb2,a1a5a9,989da2
https://i.redd.it/guul6eld2soy.jpg,857c68,534a32,6d6150
https://i.redd.it/ax4eueu0szpy.jpg,bab9c7,9f8b87,b99f9a
http://i.imgur.com/Gh2I3pq.jpg,b8a493,c3af9e,d0bcaa
https://i.redd.it/m4cfqp8wfv5z.jpg,d6d5d6,cccbcb,1b1c21
https://i.redd.it/tb5pckm6e72y.jpg,b3b1a7,9d9e97,dbdcd2
https://i.redd.it/fyqzavufvjwy.jpg,e2b283,c9966d,a87c5b
http://i.imgur.com/FApqk3D.jpg,fefefe,f1c306,049e3e
http://i.imgur.com/TKLs9lo.jpg,fefefe,f4f4f4,e2e3e5
https://i.redd.it/xae65ypfqycy.jpg,f4f4f3,c7392d,61302f
https://i.redd.it/lsuw4p2ncyny.jpg,9e7443,ba8e52,685538
http://i.imgur.com/lcEUZHv.jpg,fefefd,c6bec1,4.84E+58
https://i.redd.it/4m5yk8gjrtzy.jpg,290f0a,0c0303,6a3e29
https://i.redd.it/1nlgrn49x7ry.jpg,171512,312a1f,625a4d
http://i.imgur.com/M3NOzLC.jpg,908f80,4b4a3e,7d766b
https://i.redd.it/w5q6gldnvcuy.jpg,1a1d33,0e0e1a,b78481
https://i.redd.it/s5viyluv421z.jpg,bd854b,ab763e,734c2b
http://i.imgur.com/sXhEQez.jpg,fefefe,10101,c3c3c3
https://i.redd.it/h5t3qddvvzry.jpg,0c0a0a,29211d,4c3e35
https://i.redd.it/fsuv32a1cc9y.jpg,fcfcfc,6c5449,a18374
https://i.redd.it/cwljeujku33z.jpg,e3ded9,e8e5df,dad3cf
https://i.redd.it/7ofdqmp53bzy.jpg,b09f80,96856a,cfb593
http://i.imgur.com/puEqa4C.jpg,908a9a,2e221c,46332c
https://i.redd.it/ihczg3pmle3z.jpg,a1aa99,abb5a4,959e8d
https://i.redd.it/cpkq97klre4z.jpg,a2a291,8d8979,757464
http://i.imgur.com/tyDhTll.jpg,0e0b08,201812,392d22
http://i.imgur.com/RycdbMO.jpg,b5afa3,9b958a,384047
https://i.redd.it/sn7ufk9fsv4z.jpg,9a9085,867b74,c6cdd3
https://i.redd.it/n9jq5j2tatcy.jpg,242a33,a8a998,bfc1b8
http://i.imgur.com/enhDnTM.jpg,fefefeff,cae6efff,eaf0f2ff
http://i.imgur.com/pt9rmrv.jpg,fbe8d6,e7b799,fefefb
https://i.redd.it/0qow2dksb34z.jpg,57623c,737053,958e5d
http://i.imgur.com/6pnYQUv.jpg,8c8c8f,1a1b1e,2b2c2e
https://i.redd.it/rubsfuf64lvy.jpg,bab3a2,3a3b20,575031
https://i.imgur.com/HRgRMOw.jpg,464d51,a5a1a7,3b8256
https://i.redd.it/c5pk0vnpg3ty.jpg,6e80cc,fcfcfc,e7e8eb
https://i.redd.it/ru12lvaf7jyy.jpg,b6aeb0,9f9a99,181516
http://i.imgur.com/qvnjbVw.jpg,a7acb2,a1a5a9,989da2
https://i.redd.it/ax4eueu0szpy.jpg,bab9c7,9f8b87,b99f9a
https://i.redd.it/guul6eld2soy.jpg,857c68,534a32,6d6150
http://i.imgur.com/Gh2I3pq.jpg,b8a493,c3af9e,d0bcaa
https://i.redd.it/tb5pckm6e72y.jpg,b3b1a7,9d9e97,dbdcd2
https://i.redd.it/fyqzavufvjwy.jpg,e2b283,c9966d,a87c5b
https://i.redd.it/m4cfqp8wfv5z.jpg,d6d5d6,cccbcb,1b1c21
http://i.imgur.com/FApqk3D.jpg,fefefe,f1c306,049e3e
http://i.imgur.com/TKLs9lo.jpg,fefefe,f4f4f4,e2e3e5
https://i.redd.it/lsuw4p2ncyny.jpg,9e7443,ba8e52,685538
https://i.redd.it/xae65ypfqycy.jpg,f4f4f3,c7392d,61302f
https://i.redd.it/4m5yk8gjrtzy.jpg,290f0a,0c0303,6a3e29
http://i.imgur.com/lcEUZHv.jpg,fefefd,c6bec1,4.84E+58
https://i.redd.it/1nlgrn49x7ry.jpg,171512,312a1f,625a4d
https://i.redd.it/s5viyluv421z.jpg,bd854b,ab763e,734c2b
http://i.imgur.com/M3NOzLC.jpg,908f80,4b4a3e,7d766b
https://i.redd.it/w5q6gldnvcuy.jpg,1a1d33,0e0e1a,b78481
https://i.redd.it/h5t3qddvvzry.jpg,0c0a0a,29211d,4c3e35
http://i.imgur.com/sXhEQez.jpg,fefefe,10101,c3c3c3
https://i.redd.it/cwljeujku33z.jpg,e3ded9,e8e5df,dad3cf
https://i.redd.it/7ofdqmp53bzy.jpg,b09f80,96856a,cfb593
https://i.redd.it/fsuv32a1cc9y.jpg,fcfcfc,6c5449,a18374
https://i.redd.it/cpkq97klre4z.jpg,a2a291,8d8979,757464
http://i.imgur.com/tyDhTll.jpg,0e0b08,201812,392d22
https://i.redd.it/ihczg3pmle3z.jpg,a1aa99,abb5a4,959e8d
http://i.imgur.com/puEqa4C.jpg,908a9a,2e221c,46332c
http://i.imgur.com/RycdbMO.jpg,b5afa3,9b958a,384047
https://i.redd.it/sn7ufk9fsv4z.jpg,9a9085,867b74,c6cdd3
https://i.redd.it/n9jq5j2tatcy.jpg,242a33,a8a998,bfc1b8
http://i.imgur.com/enhDnTM.jpg,fefefeff,cae6efff,eaf0f2ff
http://i.imgur.com/6pnYQUv.jpg,8c8c8f,1a1b1e,2b2c2e
http://i.imgur.com/pt9rmrv.jpg,fbe8d6,e7b799,fefefb
https://i.redd.it/0qow2dksb34z.jpg,57623c,737053,958e5d
https://i.redd.it/rubsfuf64lvy.jpg,bab3a2,3a3b20,575031
https://i.imgur.com/HRgRMOw.jpg,464d51,a5a1a7,3b8256
https://i.redd.it/c5pk0vnpg3ty.jpg,6e80cc,fcfcfc,e7e8eb
https://i.redd.it/ru12lvaf7jyy.jpg,b6aeb0,9f9a99,181516
http://i.imgur.com/qvnjbVw.jpg,a7acb2,a1a5a9,989da2
https://i.redd.it/ax4eueu0szpy.jpg,bab9c7,9f8b87,b99f9a
https://i.redd.it/guul6eld2soy.jpg,857c68,534a32,6d6150
http://i.imgur.com/Gh2I3pq.jpg,b8a493,c3af9e,d0bcaa
https://i.redd.it/tb5pckm6e72y.jpg,b3b1a7,9d9e97,dbdcd2
https://i.redd.it/m4cfqp8wfv5z.jpg,d6d5d6,cccbcb,1b1c21
https://i.redd.it/fyqzavufvjwy.jpg,e2b283,c9966d,a87c5b
http://i.imgur.com/FApqk3D.jpg,fefefe,f1c306,049e3e
http://i.imgur.com/TKLs9lo.jpg,fefefe,f4f4f4,e2e3e5
https://i.redd.it/lsuw4p2ncyny.jpg,9e7443,ba8e52,685538
https://i.redd.it/xae65ypfqycy.jpg,f4f4f3,c7392d,61302f
https://i.redd.it/4m5yk8gjrtzy.jpg,290f0a,0c0303,6a3e29
http://i.imgur.com/lcEUZHv.jpg,fefefd,c6bec1,4.84E+58
https://i.redd.it/1nlgrn49x7ry.jpg,171512,312a1f,625a4d
https://i.redd.it/w5q6gldnvcuy.jpg,1a1d33,0e0e1a,b78481
https://i.redd.it/s5viyluv421z.jpg,bd854b,ab763e,734c2b
http://i.imgur.com/M3NOzLC.jpg,908f80,4b4a3e,7d766b
https://i.redd.it/h5t3qddvvzry.jpg,0c0a0a,29211d,4c3e35
http://i.imgur.com/sXhEQez.jpg,fefefe,10101,c3c3c3
https://i.redd.it/fsuv32a1cc9y.jpg,fcfcfc,6c5449,a18374
https://i.redd.it/cpkq97klre4z.jpg,a2a291,8d8979,757464
https://i.redd.it/ihczg3pmle3z.jpg,a1aa99,abb5a4,959e8d
https://i.redd.it/cwljeujku33z.jpg,e3ded9,e8e5df,dad3cf
http://i.imgur.com/puEqa4C.jpg,908a9a,2e221c,46332c
http://i.imgur.com/tyDhTll.jpg,0e0b08,201812,392d22
https://i.redd.it/7ofdqmp53bzy.jpg,b09f80,96856a,cfb593
http://i.imgur.com/RycdbMO.jpg,b5afa3,9b958a,384047
https://i.redd.it/n9jq5j2tatcy.jpg,242a33,a8a998,bfc1b8
http://i.imgur.com/6pnYQUv.jpg,8c8c8f,1a1b1e,2b2c2e
https://i.redd.it/sn7ufk9fsv4z.jpg,9a9085,867b74,c6cdd3
https://i.redd.it/rubsfuf64lvy.jpg,bab3a2,3a3b20,575031
http://i.imgur.com/pt9rmrv.jpg,fbe8d6,e7b799,fefefb
https://i.redd.it/0qow2dksb34z.jpg,57623c,737053,958e5d
https://i.imgur.com/HRgRMOw.jpg,464d51,a5a1a7,3b8256
https://i.redd.it/ru12lvaf7jyy.jpg,b6aeb0,9f9a99,181516
https://i.redd.it/c5pk0vnpg3ty.jpg,6e80cc,fcfcfc,e7e8eb
http://i.imgur.com/enhDnTM.jpg,fefefeff,cae6efff,eaf0f2ff
https://i.redd.it/guul6eld2soy.jpg,857c68,534a32,6d6150
http://i.imgur.com/qvnjbVw.jpg,a7acb2,a1a5a9,989da2
https://i.redd.it/ax4eueu0szpy.jpg,bab9c7,9f8b87,b99f9a
https://i.redd.it/tb5pckm6e72y.jpg,b3b1a7,9d9e97,dbdcd2
https://i.redd.it/fyqzavufvjwy.jpg,e2b283,c9966d,a87c5b
https://i.redd.it/m4cfqp8wfv5z.jpg,d6d5d6,cccbcb,1b1c21
http://i.imgur.com/Gh2I3pq.jpg,b8a493,c3af9e,d0bcaa
http://i.imgur.com/FApqk3D.jpg,fefefe,f1c306,049e3e
http://i.imgur.com/TKLs9lo.jpg,fefefe,f4f4f4,e2e3e5
https://i.redd.it/lsuw4p2ncyny.jpg,9e7443,ba8e52,685538
http://i.imgur.com/lcEUZHv.jpg,fefefd,c6bec1,4.84E+58
https://i.redd.it/xae65ypfqycy.jpg,f4f4f3,c7392d,61302f
https://i.redd.it/4m5yk8gjrtzy.jpg,290f0a,0c0303,6a3e29
https://i.redd.it/1nlgrn49x7ry.jpg,171512,312a1f,625a4d
http://i.imgur.com/M3NOzLC.jpg,908f80,4b4a3e,7d766b
https://i.redd.it/w5q6gldnvcuy.jpg,1a1d33,0e0e1a,b78481
https://i.redd.it/s5viyluv421z.jpg,bd854b,ab763e,734c2b
http://i.imgur.com/sXhEQez.jpg,fefefe,10101,c3c3c3
https://i.redd.it/h5t3qddvvzry.jpg,0c0a0a,29211d,4c3e35
https://i.redd.it/cwljeujku33z.jpg,e3ded9,e8e5df,dad3cf
https://i.redd.it/fsuv32a1cc9y.jpg,fcfcfc,6c5449,a18374
https://i.redd.it/7ofdqmp53bzy.jpg,b09f80,96856a,cfb593
http://i.imgur.com/tyDhTll.jpg,0e0b08,201812,392d22
http://i.imgur.com/puEqa4C.jpg,908a9a,2e221c,46332c
https://i.redd.it/cpkq97klre4z.jpg,a2a291,8d8979,757464
https://i.redd.it/ihczg3pmle3z.jpg,a1aa99,abb5a4,959e8d
https://i.redd.it/sn7ufk9fsv4z.jpg,9a9085,867b74,c6cdd3
http://i.imgur.com/RycdbMO.jpg,b5afa3,9b958a,384047
https://i.redd.it/n9jq5j2tatcy.jpg,242a33,a8a998,bfc1b8
http://i.imgur.com/enhDnTM.jpg,fefefeff,cae6efff,eaf0f2ff
https://i.redd.it/0qow2dksb34z.jpg,57623c,737053,958e5d
http://i.imgur.com/pt9rmrv.jpg,fbe8d6,e7b799,fefefb
http://i.imgur.com/6pnYQUv.jpg,8c8c8f,1a1b1e,2b2c2e
https://i.imgur.com/HRgRMOw.jpg,464d51,a5a1a7,3b8256
https://i.redd.it/rubsfuf64lvy.jpg,bab3a2,3a3b20,575031
https://i.redd.it/c5pk0vnpg3ty.jpg,6e80cc,fcfcfc,e7e8eb
https://i.redd.it/ru12lvaf7jyy.jpg,b6aeb0,9f9a99,181516
https://i.redd.it/ax4eueu0szpy.jpg,bab9c7,9f8b87,b99f9a
http://i.imgur.com/qvnjbVw.jpg,a7acb2,a1a5a9,989da2
https://i.redd.it/guul6eld2soy.jpg,857c68,534a32,6d6150
http://i.imgur.com/Gh2I3pq.jpg,b8a493,c3af9e,d0bcaa
https://i.redd.it/tb5pckm6e72y.jpg,b3b1a7,9d9e97,dbdcd2
https://i.redd.it/m4cfqp8wfv5z.jpg,d6d5d6,cccbcb,1b1c21
https://i.redd.it/fyqzavufvjwy.jpg,e2b283,c9966d,a87c5b
http://i.imgur.com/FApqk3D.jpg,fefefe,f1c306,049e3e
http://i.imgur.com/TKLs9lo.jpg,fefefe,f4f4f4,e2e3e5
https://i.redd.it/xae65ypfqycy.jpg,f4f4f3,c7392d,61302f
https://i.redd.it/lsuw4p2ncyny.jpg,9e7443,ba8e52,685538
http://i.imgur.com/lcEUZHv.jpg,fefefd,c6bec1,4.84E+58
https://i.redd.it/4m5yk8gjrtzy.jpg,290f0a,0c0303,6a3e29
https://i.redd.it/1nlgrn49x7ry.jpg,171512,312a1f,625a4d
http://i.imgur.com/M3NOzLC.jpg,908f80,4b4a3e,7d766b
https://i.redd.it/w5q6gldnvcuy.jpg,1a1d33,0e0e1a,b78481
https://i.redd.it/s5viyluv421z.jpg,bd854b,ab763e,734c2b
http://i.imgur.com/sXhEQez.jpg,fefefe,10101,c3c3c3
https://i.redd.it/h5t3qddvvzry.jpg,0c0a0a,29211d,4c3e35
https://i.redd.it/fsuv32a1cc9y.jpg,fcfcfc,6c5449,a18374
https://i.redd.it/cwljeujku33z.jpg,e3ded9,e8e5df,dad3cf
https://i.redd.it/7ofdqmp53bzy.jpg,b09f80,96856a,cfb593
http://i.imgur.com/tyDhTll.jpg,0e0b08,201812,392d22
http://i.imgur.com/puEqa4C.jpg,908a9a,2e221c,46332c
https://i.redd.it/ihczg3pmle3z.jpg,a1aa99,abb5a4,959e8d
https://i.redd.it/cpkq97klre4z.jpg,a2a291,8d8979,757464
http://i.imgur.com/RycdbMO.jpg,b5afa3,9b958a,384047
https://i.redd.it/sn7ufk9fsv4z.jpg,9a9085,867b74,c6cdd3
https://i.redd.it/n9jq5j2tatcy.jpg,242a33,a8a998,bfc1b8
http://i.imgur.com/enhDnTM.jpg,fefefeff,cae6efff,eaf0f2ff
https://i.redd.it/0qow2dksb34z.jpg,57623c,737053,958e5d
http://i.imgur.com/pt9rmrv.jpg,fbe8d6,e7b799,fefefb
http://i.imgur.com/6pnYQUv.jpg,8c8c8f,1a1b1e,2b2c2e
https://i.redd.it/rubsfuf64lvy.jpg,bab3a2,3a3b20,575031
https://i.imgur.com/HRgRMOw.jpg,464d51,a5a1a7,3b8256
https://i.redd.it/c5pk0vnpg3ty.jpg,6e80cc,fcfcfc,e7e8eb
https://i.redd.it/ru12lvaf7jyy.jpg,b6aeb0,9f9a99,181516
http://i.imgur.com/qvnjbVw.jpg,a7acb2,a1a5a9,989da2
https://i.redd.it/ax4eueu0szpy.jpg,bab9c7,9f8b87,b99f9a
https://i.redd.it/guul6eld2soy.jpg,857c68,534a32,6d6150
http://i.imgur.com/Gh2I3pq.jpg,b8a493,c3af9e,d0bcaa
https://i.redd.it/m4cfqp8wfv5z.jpg,d6d5d6,cccbcb,1b1c21
https://i.redd.it/tb5pckm6e72y.jpg,b3b1a7,9d9e97,dbdcd2
https://i.redd.it/fyqzavufvjwy.jpg,e2b283,c9966d,a87c5b
http://i.imgur.com/FApqk3D.jpg,fefefe,f1c306,049e3e
http://i.imgur.com/TKLs9lo.jpg,fefefe,f4f4f4,e2e3e5
https://i.redd.it/xae65ypfqycy.jpg,f4f4f3,c7392d,61302f
https://i.redd.it/lsuw4p2ncyny.jpg,9e7443,ba8e52,685538
http://i.imgur.com/lcEUZHv.jpg,fefefd,c6bec1,4.84E+58
https://i.redd.it/4m5yk8gjrtzy.jpg,290f0a,0c0303,6a3e29
https://i.redd.it/1nlgrn49x7ry.jpg,171512,312a1f,625a4d
https://i.redd.it/s5viyluv421z.jpg,bd854b,ab763e,734c2b
http://i.imgur.com/M3NOzLC.jpg,908f80,4b4a3e,7d766b
https://i.redd.it/w5q6gldnvcuy.jpg,1a1d33,0e0e1a,b78481
https://i.redd.it/h5t3qddvvzry.jpg,0c0a0a,29211d,4c3e35
http://i.imgur.com/sXhEQez.jpg,fefefe,10101,c3c3c3
https://i.redd.it/fsuv32a1cc9y.jpg,fcfcfc,6c5449,a18374
https://i.redd.it/cwljeujku33z.jpg,e3ded9,e8e5df,dad3cf
https://i.redd.it/7ofdqmp53bzy.jpg,b09f80,96856a,cfb593
http://i.imgur.com/tyDhTll.jpg,0e0b08,201812,392d22
http://i.imgur.com/puEqa4C.jpg,908a9a,2e221c,46332c
https://i.redd.it/cpkq97klre4z.jpg,a2a291,8d8979,757464
https://i.redd.it/ihczg3pmle3z.jpg,a1aa99,abb5a4,959e8d
http://i.imgur.com/RycdbMO.jpg,b5afa3,9b958a,384047
https://i.redd.it/sn7ufk9fsv4z.jpg,9a9085,867b74,c6cdd3
https://i.redd.it/n9jq5j2tatcy.jpg,242a33,a8a998,bfc1b8
http://i.imgur.com/enhDnTM.jpg,fefefeff,cae6efff,eaf0f2ff
https://i.redd.it/0qow2dksb34z.jpg,57623c,737053,958e5d
http://i.imgur.com/6pnYQUv.jpg,8c8c8f,1a1b1e,2b2c2e
http://i.imgur.com/pt9rmrv.jpg,fbe8d6,e7b799,fefefb
https://i.redd.it/rubsfuf64lvy.jpg,bab3a2,3a3b20,575031
https://i.imgur.com/HRgRMOw.jpg,464d51,a5a1a7,3b8256
https://i.redd.it/c5pk0vnpg3ty.jpg,6e80cc,fcfcfc,e7e8eb
https://i.redd.it/ru12lvaf7jyy.jpg,b6aeb0,9f9a99,181516
https://i.redd.it/ax4eueu0szpy.jpg,bab9c7,9f8b87,b99f9a
http://i.imgur.com/qvnjbVw.jpg,a7acb2,a1a5a9,989da2
https://i.redd.it/guul6eld2soy.jpg,857c68,534a32,6d6150
https://i.redd.it/tb5pckm6e72y.jpg,b3b1a7,9d9e97,dbdcd2
http://i.imgur.com/Gh2I3pq.jpg,b8a493,c3af9e,d0bcaa
https://i.redd.it/m4cfqp8wfv5z.jpg,d6d5d6,cccbcb,1b1c21
https://i.redd.it/fyqzavufvjwy.jpg,e2b283,c9966d,a87c5b
http://i.imgur.com/FApqk3D.jpg,fefefe,f1c306,049e3e
http://i.imgur.com/TKLs9lo.jpg,fefefe,f4f4f4,e2e3e5
https://i.redd.it/lsuw4p2ncyny.jpg,9e7443,ba8e52,685538
https://i.redd.it/xae65ypfqycy.jpg,f4f4f3,c7392d,61302f
http://i.imgur.com/lcEUZHv.jpg,fefefd,c6bec1,4.84E+58
https://i.redd.it/4m5yk8gjrtzy.jpg,290f0a,0c0303,6a3e29
http://i.imgur.com/M3NOzLC.jpg,908f80,4b4a3e,7d766b
https://i.redd.it/w5q6gldnvcuy.jpg,1a1d33,0e0e1a,b78481
https://i.redd.it/1nlgrn49x7ry.jpg,171512,312a1f,625a4d
https://i.redd.it/s5viyluv421z.jpg,bd854b,ab763e,734c2b
https://i.redd.it/h5t3qddvvzry.jpg,0c0a0a,29211d,4c3e35
http://i.imgur.com/sXhEQez.jpg,fefefe,10101,c3c3c3
https://i.redd.it/fsuv32a1cc9y.jpg,fcfcfc,6c5449,a18374
https://i.redd.it/7ofdqmp53bzy.jpg,b09f80,96856a,cfb593
https://i.redd.it/cwljeujku33z.jpg,e3ded9,e8e5df,dad3cf
http://i.imgur.com/tyDhTll.jpg,0e0b08,201812,392d22
http://i.imgur.com/puEqa4C.jpg,908a9a,2e221c,46332c
https://i.redd.it/ihczg3pmle3z.jpg,a1aa99,abb5a4,959e8d
https://i.redd.it/cpkq97klre4z.jpg,a2a291,8d8979,757464
http://i.imgur.com/6pnYQUv.jpg,8c8c8f,1a1b1e,2b2c2e
https://i.redd.it/sn7ufk9fsv4z.jpg,9a9085,867b74,c6cdd3
http://i.imgur.com/enhDnTM.jpg,fefefeff,cae6efff,eaf0f2ff
http://i.imgur.com/pt9rmrv.jpg,fbe8d6,e7b799,fefefb
https://i.redd.it/n9jq5j2tatcy.jpg,242a33,a8a998,bfc1b8
https://i.redd.it/0qow2dksb34z.jpg,57623c,737053,958e5d
https://i.imgur.com/HRgRMOw.jpg,464d51,a5a1a7,3b8256
http://i.imgur.com/RycdbMO.jpg,b5afa3,9b958a,384047
https://i.redd.it/rubsfuf64lvy.jpg,bab3a2,3a3b20,575031
https://i.redd.it/c5pk0vnpg3ty.jpg,6e80cc,fcfcfc,e7e8eb
https://i.redd.it/ru12lvaf7jyy.jpg,b6aeb0,9f9a99,181516
https://i.redd.it/ax4eueu0szpy.jpg,bab9c7,9f8b87,b99f9a
http://i.imgur.com/qvnjbVw.jpg,a7acb2,a1a5a9,989da2
https://i.redd.it/tb5pckm6e72y.jpg,b3b1a7,9d9e97,dbdcd2
https://i.redd.it/fyqzavufvjwy.jpg,e2b283,c9966d,a87c5b
http://i.imgur.com/Gh2I3pq.jpg,b8a493,c3af9e,d0bcaa
https://i.redd.it/guul6eld2soy.jpg,857c68,534a32,6d6150
https://i.redd.it/m4cfqp8wfv5z.jpg,d6d5d6,cccbcb,1b1c21
http://i.imgur.com/FApqk3D.jpg,fefefe,f1c306,049e3e
http://i.imgur.com/TKLs9lo.jpg,fefefe,f4f4f4,e2e3e5
http://i.imgur.com/lcEUZHv.jpg,fefefd,c6bec1,4.84E+58
https://i.redd.it/xae65ypfqycy.jpg,f4f4f3,c7392d,61302f
https://i.redd.it/4m5yk8gjrtzy.jpg,290f0a,0c0303,6a3e29
https://i.redd.it/lsuw4p2ncyny.jpg,9e7443,ba8e52,685538
http://i.imgur.com/M3NOzLC.jpg,908f80,4b4a3e,7d766b
https://i.redd.it/1nlgrn49x7ry.jpg,171512,312a1f,625a4d
https://i.redd.it/w5q6gldnvcuy.jpg,1a1d33,0e0e1a,b78481
https://i.redd.it/s5viyluv421z.jpg,bd854b,ab763e,734c2b
https://i.redd.it/h5t3qddvvzry.jpg,0c0a0a,29211d,4c3e35
http://i.imgur.com/sXhEQez.jpg,fefefe,10101,c3c3c3
https://i.redd.it/fsuv32a1cc9y.jpg,fcfcfc,6c5449,a18374
https://i.redd.it/cwljeujku33z.jpg,e3ded9,e8e5df,dad3cf
http://i.imgur.com/tyDhTll.jpg,0e0b08,201812,392d22
http://i.imgur.com/puEqa4C.jpg,908a9a,2e221c,46332c
https://i.redd.it/7ofdqmp53bzy.jpg,b09f80,96856a,cfb593
https://i.redd.it/ihczg3pmle3z.jpg,a1aa99,abb5a4,959e8d
https://i.redd.it/cpkq97klre4z.jpg,a2a291,8d8979,757464
http://i.imgur.com/RycdbMO.jpg,b5afa3,9b958a,384047
https://i.redd.it/sn7ufk9fsv4z.jpg,9a9085,867b74,c6cdd3
http://i.imgur.com/enhDnTM.jpg,fefefeff,cae6efff,eaf0f2ff
http://i.imgur.com/6pnYQUv.jpg,8c8c8f,1a1b1e,2b2c2e
https://i.redd.it/n9jq5j2tatcy.jpg,242a33,a8a998,bfc1b8
http://i.imgur.com/pt9rmrv.jpg,fbe8d6,e7b799,fefefb
https://i.redd.it/0qow2dksb34z.jpg,57623c,737053,958e5d
https://i.redd.it/rubsfuf64lvy.jpg,bab3a2,3a3b20,575031
https://i.imgur.com/HRgRMOw.jpg,464d51,a5a1a7,3b8256
https://i.redd.it/c5pk0vnpg3ty.jpg,6e80cc,fcfcfc,e7e8eb
https://i.redd.it/ru12lvaf7jyy.jpg,b6aeb0,9f9a99,181516
http://i.imgur.com/qvnjbVw.jpg,a7acb2,a1a5a9,989da2
https://i.redd.it/guul6eld2soy.jpg,857c68,534a32,6d6150
https://i.redd.it/ax4eueu0szpy.jpg,bab9c7,9f8b87,b99f9a
http://i.imgur.com/Gh2I3pq.jpg,b8a493,c3af9e,d0bcaa
https://i.redd.it/m4cfqp8wfv5z.jpg,d6d5d6,cccbcb,1b1c21
https://i.redd.it/tb5pckm6e72y.jpg,b3b1a7,9d9e97,dbdcd2
https://i.redd.it/fyqzavufvjwy.jpg,e2b283,c9966d,a87c5b
http://i.imgur.com/FApqk3D.jpg,fefefe,f1c306,049e3e
http://i.imgur.com/TKLs9lo.jpg,fefefe,f4f4f4,e2e3e5
https://i.redd.it/lsuw4p2ncyny.jpg,9e7443,ba8e52,685538
http://i.imgur.com/lcEUZHv.jpg,fefefd,c6bec1,4.84E+58
https://i.redd.it/xae65ypfqycy.jpg,f4f4f3,c7392d,61302f
https://i.redd.it/4m5yk8gjrtzy.jpg,290f0a,0c0303,6a3e29
http://i.imgur.com/M3NOzLC.jpg,908f80,4b4a3e,7d766b
https://i.redd.it/s5viyluv421z.jpg,bd854b,ab763e,734c2b
https://i.redd.it/1nlgrn49x7ry.jpg,171512,312a1f,625a4d
https://i.redd.it/w5q6gldnvcuy.jpg,1a1d33,0e0e1a,b78481
https://i.redd.it/h5t3qddvvzry.jpg,0c0a0a,29211d,4c3e35
http://i.imgur.com/sXhEQez.jpg,fefefe,10101,c3c3c3
https://i.redd.it/fsuv32a1cc9y.jpg,fcfcfc,6c5449,a18374
https://i.redd.it/cwljeujku33z.jpg,e3ded9,e8e5df,dad3cf
https://i.redd.it/7ofdqmp53bzy.jpg,b09f80,96856a,cfb593
http://i.imgur.com/tyDhTll.jpg,0e0b08,201812,392d22
http://i.imgur.com/puEqa4C.jpg,908a9a,2e221c,46332c
https://i.redd.it/cpkq97klre4z.jpg,a2a291,8d8979,757464
https://i.redd.it/ihczg3pmle3z.jpg,a1aa99,abb5a4,959e8d
http://i.imgur.com/RycdbMO.jpg,b5afa3,9b958a,384047
https://i.redd.it/n9jq5j2tatcy.jpg,242a33,a8a998,bfc1b8
https://i.redd.it/sn7ufk9fsv4z.jpg,9a9085,867b74,c6cdd3
http://i.imgur.com/enhDnTM.jpg,fefefeff,cae6efff,eaf0f2ff
http://i.imgur.com/6pnYQUv.jpg,8c8c8f,1a1b1e,2b2c2e
http://i.imgur.com/pt9rmrv.jpg,fbe8d6,e7b799,fefefb
https://i.redd.it/0qow2dksb34z.jpg,57623c,737053,958e5d
https://i.redd.it/rubsfuf64lvy.jpg,bab3a2,3a3b20,575031
https://i.imgur.com/HRgRMOw.jpg,464d51,a5a1a7,3b8256
https://i.redd.it/ru12lvaf7jyy.jpg,b6aeb0,9f9a99,181516
https://i.redd.it/c5pk0vnpg3ty.jpg,6e80cc,fcfcfc,e7e8eb
http://i.imgur.com/qvnjbVw.jpg,a7acb2,a1a5a9,989da2
https://i.redd.it/ax4eueu0szpy.jpg,bab9c7,9f8b87,b99f9a
https://i.redd.it/guul6eld2soy.jpg,857c68,534a32,6d6150
http://i.imgur.com/Gh2I3pq.jpg,b8a493,c3af9e,d0bcaa
https://i.redd.it/tb5pckm6e72y.jpg,b3b1a7,9d9e97,dbdcd2
https://i.redd.it/m4cfqp8wfv5z.jpg,d6d5d6,cccbcb,1b1c21
https://i.redd.it/fyqzavufvjwy.jpg,e2b283,c9966d,a87c5b
http://i.imgur.com/FApqk3D.jpg,fefefe,f1c306,049e3e
http://i.imgur.com/TKLs9lo.jpg,fefefe,f4f4f4,e2e3e5
https://i.redd.it/xae65ypfqycy.jpg,f4f4f3,c7392d,61302f
http://i.imgur.com/lcEUZHv.jpg,fefefd,c6bec1,4.84E+58
https://i.redd.it/4m5yk8gjrtzy.jpg,290f0a,0c0303,6a3e29
https://i.redd.it/lsuw4p2ncyny.jpg,9e7443,ba8e52,685538
http://i.imgur.com/M3NOzLC.jpg,908f80,4b4a3e,7d766b
https://i.redd.it/1nlgrn49x7ry.jpg,171512,312a1f,625a4d
https://i.redd.it/w5q6gldnvcuy.jpg,1a1d33,0e0e1a,b78481
https://i.redd.it/s5viyluv421z.jpg,bd854b,ab763e,734c2b
http://i.imgur.com/sXhEQez.jpg,fefefe,10101,c3c3c3
https://i.redd.it/h5t3qddvvzry.jpg,0c0a0a,29211d,4c3e35
https://i.redd.it/fsuv32a1cc9y.jpg,fcfcfc,6c5449,a18374
https://i.redd.it/cwljeujku33z.jpg,e3ded9,e8e5df,dad3cf
https://i.redd.it/7ofdqmp53bzy.jpg,b09f80,96856a,cfb593
http://i.imgur.com/tyDhTll.jpg,0e0b08,201812,392d22
https://i.redd.it/cpkq97klre4z.jpg,a2a291,8d8979,757464
http://i.imgur.com/puEqa4C.jpg,908a9a,2e221c,46332c
https://i.redd.it/ihczg3pmle3z.jpg,a1aa99,abb5a4,959e8d
http://i.imgur.com/RycdbMO.jpg,b5afa3,9b958a,384047
https://i.redd.it/sn7ufk9fsv4z.jpg,9a9085,867b74,c6cdd3
http://i.imgur.com/enhDnTM.jpg,fefefeff,cae6efff,eaf0f2ff
https://i.redd.it/n9jq5j2tatcy.jpg,242a33,a8a998,bfc1b8
https://i.redd.it/0qow2dksb34z.jpg,57623c,737053,958e5d
http://i.imgur.com/6pnYQUv.jpg,8c8c8f,1a1b1e,2b2c2e
http://i.imgur.com/pt9rmrv.jpg,fbe8d6,e7b799,fefefb
https://i.imgur.com/HRgRMOw.jpg,464d51,a5a1a7,3b8256
https://i.redd.it/rubsfuf64lvy.jpg,bab3a2,3a3b20,575031
https://i.redd.it/c5pk0vnpg3ty.jpg,6e80cc,fcfcfc,e7e8eb
https://i.redd.it/ru12lvaf7jyy.jpg,b6aeb0,9f9a99,181516
https://i.redd.it/guul6eld2soy.jpg,857c68,534a32,6d6150
http://i.imgur.com/qvnjbVw.jpg,a7acb2,a1a5a9,989da2
https://i.redd.it/ax4eueu0szpy.jpg,bab9c7,9f8b87,b99f9a
http://i.imgur.com/Gh2I3pq.jpg,b8a493,c3af9e,d0bcaa
https://i.redd.it/m4cfqp8wfv5z.jpg,d6d5d6,cccbcb,1b1c21
https://i.redd.it/tb5pckm6e72y.jpg,b3b1a7,9d9e97,dbdcd2
https://i.redd.it/fyqzavufvjwy.jpg,e2b283,c9966d,a87c5b
http://i.imgur.com/FApqk3D.jpg,fefefe,f1c306,049e3e
http://i.imgur.com/TKLs9lo.jpg,fefefe,f4f4f4,e2e3e5
https://i.redd.it/xae65ypfqycy.jpg,f4f4f3,c7392d,61302f
https://i.redd.it/lsuw4p2ncyny.jpg,9e7443,ba8e52,685538
http://i.imgur.com/lcEUZHv.jpg,fefefd,c6bec1,4.84E+58
https://i.redd.it/4m5yk8gjrtzy.jpg,290f0a,0c0303,6a3e29
http://i.imgur.com/M3NOzLC.jpg,908f80,4b4a3e,7d766b
https://i.redd.it/1nlgrn49x7ry.jpg,171512,312a1f,625a4d
https://i.redd.it/s5viyluv421z.jpg,bd854b,ab763e,734c2b
https://i.redd.it/w5q6gldnvcuy.jpg,1a1d33,0e0e1a,b78481
http://i.imgur.com/sXhEQez.jpg,fefefe,10101,c3c3c3
https://i.redd.it/h5t3qddvvzry.jpg,0c0a0a,29211d,4c3e35
https://i.redd.it/fsuv32a1cc9y.jpg,fcfcfc,6c5449,a18374
https://i.redd.it/cwljeujku33z.jpg,e3ded9,e8e5df,dad3cf
https://i.redd.it/7ofdqmp53bzy.jpg,b09f80,96856a,cfb593
http://i.imgur.com/tyDhTll.jpg,0e0b08,201812,392d22
http://i.imgur.com/puEqa4C.jpg,908a9a,2e221c,46332c
https://i.redd.it/cpkq97klre4z.jpg,a2a291,8d8979,757464
https://i.redd.it/ihczg3pmle3z.jpg,a1aa99,abb5a4,959e8d
http://i.imgur.com/RycdbMO.jpg,b5afa3,9b958a,384047
https://i.redd.it/sn7ufk9fsv4z.jpg,9a9085,867b74,c6cdd3
https://i.redd.it/n9jq5j2tatcy.jpg,242a33,a8a998,bfc1b8
http://i.imgur.com/enhDnTM.jpg,fefefeff,cae6efff,eaf0f2ff
https://i.redd.it/0qow2dksb34z.jpg,57623c,737053,958e5d
http://i.imgur.com/6pnYQUv.jpg,8c8c8f,1a1b1e,2b2c2e
http://i.imgur.com/pt9rmrv.jpg,fbe8d6,e7b799,fefefb
https://i.redd.it/rubsfuf64lvy.jpg,bab3a2,3a3b20,575031
https://i.imgur.com/HRgRMOw.jpg,464d51,a5a1a7,3b8256
https://i.redd.it/c5pk0vnpg3ty.jpg,6e80cc,fcfcfc,e7e8eb
https://i.redd.it/ru12lvaf7jyy.jpg,b6aeb0,9f9a99,181516
http://i.imgur.com/qvnjbVw.jpg,a7acb2,a1a5a9,989da2
https://i.redd.it/ax4eueu0szpy.jpg,bab9c7,9f8b87,b99f9a
https://i.redd.it/guul6eld2soy.jpg,857c68,534a32,6d6150
http://i.imgur.com/Gh2I3pq.jpg,b8a493,c3af9e,d0bcaa
https://i.redd.it/m4cfqp8wfv5z.jpg,d6d5d6,cccbcb,1b1c21
https://i.redd.it/tb5pckm6e72y.jpg,b3b1a7,9d9e97,dbdcd2
https://i.redd.it/fyqzavufvjwy.jpg,e2b283,c9966d,a87c5b
http://i.imgur.com/FApqk3D.jpg,fefefe,f1c306,049e3e
http://i.imgur.com/TKLs9lo.jpg,fefefe,f4f4f4,e2e3e5
https://i.redd.it/lsuw4p2ncyny.jpg,9e7443,ba8e52,685538
https://i.redd.it/xae65ypfqycy.jpg,f4f4f3,c7392d,61302f
http://i.imgur.com/lcEUZHv.jpg,fefefd,c6bec1,4.84E+58
https://i.redd.it/4m5yk8gjrtzy.jpg,290f0a,0c0303,6a3e29
http://i.imgur.com/M3NOzLC.jpg,908f80,4b4a3e,7d766b
https://i.redd.it/1nlgrn49x7ry.jpg,171512,312a1f,625a4d
https://i.redd.it/w5q6gldnvcuy.jpg,1a1d33,0e0e1a,b78481
https://i.redd.it/s5viyluv421z.jpg,bd854b,ab763e,734c2b
https://i.redd.it/h5t3qddvvzry.jpg,0c0a0a,29211d,4c3e35
http://i.imgur.com/sXhEQez.jpg,fefefe,10101,c3c3c3
https://i.redd.it/fsuv32a1cc9y.jpg,fcfcfc,6c5449,a18374
https://i.redd.it/cwljeujku33z.jpg,e3ded9,e8e5df,dad3cf
https://i.redd.it/7ofdqmp53bzy.jpg,b09f80,96856a,cfb593
http://i.imgur.com/tyDhTll.jpg,0e0b08,201812,392d22
https://i.redd.it/cpkq97klre4z.jpg,a2a291,8d8979,757464
https://i.redd.it/ihczg3pmle3z.jpg,a1aa99,abb5a4,959e8d
http://i.imgur.com/puEqa4C.jpg,908a9a,2e221c,46332c
http://i.imgur.com/RycdbMO.jpg,b5afa3,9b958a,384047
https://i.redd.it/sn7ufk9fsv4z.jpg,9a9085,867b74,c6cdd3
http://i.imgur.com/enhDnTM.jpg,fefefeff,cae6efff,eaf0f2ff
https://i.redd.it/n9jq5j2tatcy.jpg,242a33,a8a998,bfc1b8
http://i.imgur.com/pt9rmrv.jpg,fbe8d6,e7b799,fefefb
http://i.imgur.com/6pnYQUv.jpg,8c8c8f,1a1b1e,2b2c2e
https://i.redd.it/0qow2dksb34z.jpg,57623c,737053,958e5d
https://i.redd.it/rubsfuf64lvy.jpg,bab3a2,3a3b20,575031
https://i.imgur.com/HRgRMOw.jpg,464d51,a5a1a7,3b8256
https://i.redd.it/c5pk0vnpg3ty.jpg,6e80cc,fcfcfc,e7e8eb
https://i.redd.it/ru12lvaf7jyy.jpg,b6aeb0,9f9a99,181516
https://i.redd.it/ax4eueu0szpy.jpg,bab9c7,9f8b87,b99f9a
http://i.imgur.com/qvnjbVw.jpg,a7acb2,a1a5a9,989da2
https://i.redd.it/guul6eld2soy.jpg,857c68,534a32,6d6150
http://i.imgur.com/Gh2I3pq.jpg,b8a493,c3af9e,d0bcaa
https://i.redd.it/tb5pckm6e72y.jpg,b3b1a7,9d9e97,dbdcd2
https://i.redd.it/fyqzavufvjwy.jpg,e2b283,c9966d,a87c5b
https://i.redd.it/m4cfqp8wfv5z.jpg,d6d5d6,cccbcb,1b1c21
http://i.imgur.com/FApqk3D.jpg,fefefe,f1c306,049e3e
http://i.imgur.com/TKLs9lo.jpg,fefefe,f4f4f4,e2e3e5
https://i.redd.it/xae65ypfqycy.jpg,f4f4f3,c7392d,61302f
http://i.imgur.com/lcEUZHv.jpg,fefefd,c6bec1,4.84E+58
https://i.redd.it/4m5yk8gjrtzy.jpg,290f0a,0c0303,6a3e29
https://i.redd.it/lsuw4p2ncyny.jpg,9e7443,ba8e52,685538
https://i.redd.it/1nlgrn49x7ry.jpg,171512,312a1f,625a4d
http://i.imgur.com/M3NOzLC.jpg,908f80,4b4a3e,7d766b
https://i.redd.it/w5q6gldnvcuy.jpg,1a1d33,0e0e1a,b78481
https://i.redd.it/s5viyluv421z.jpg,bd854b,ab763e,734c2b
https://i.redd.it/h5t3qddvvzry.jpg,0c0a0a,29211d,4c3e35
http://i.imgur.com/sXhEQez.jpg,fefefe,10101,c3c3c3
https://i.redd.it/fsuv32a1cc9y.jpg,fcfcfc,6c5449,a18374
https://i.redd.it/cwljeujku33z.jpg,e3ded9,e8e5df,dad3cf
https://i.redd.it/cpkq97klre4z.jpg,a2a291,8d8979,757464
http://i.imgur.com/tyDhTll.jpg,0e0b08,201812,392d22
https://i.redd.it/ihczg3pmle3z.jpg,a1aa99,abb5a4,959e8d
https://i.redd.it/7ofdqmp53bzy.jpg,b09f80,96856a,cfb593
http://i.imgur.com/puEqa4C.jpg,908a9a,2e221c,46332c
http://i.imgur.com/RycdbMO.jpg,b5afa3,9b958a,384047
https://i.redd.it/sn7ufk9fsv4z.jpg,9a9085,867b74,c6cdd3
https://i.redd.it/n9jq5j2tatcy.jpg,242a33,a8a998,bfc1b8
http://i.imgur.com/pt9rmrv.jpg,fbe8d6,e7b799,fefefb
https://i.redd.it/rubsfuf64lvy.jpg,bab3a2,3a3b20,575031
http://i.imgur.com/6pnYQUv.jpg,8c8c8f,1a1b1e,2b2c2e
https://i.imgur.com/HRgRMOw.jpg,464d51,a5a1a7,3b8256
https://i.redd.it/0qow2dksb34z.jpg,57623c,737053,958e5d
https://i.redd.it/ru12lvaf7jyy.jpg,b6aeb0,9f9a99,181516
https://i.redd.it/c5pk0vnpg3ty.jpg,6e80cc,fcfcfc,e7e8eb
http://i.imgur.com/enhDnTM.jpg,fefefeff,cae6efff,eaf0f2ff
http://i.imgur.com/qvnjbVw.jpg,a7acb2,a1a5a9,989da2
https://i.redd.it/guul6eld2soy.jpg,857c68,534a32,6d6150
https://i.redd.it/ax4eueu0szpy.jpg,bab9c7,9f8b87,b99f9a
https://i.redd.it/tb5pckm6e72y.jpg,b3b1a7,9d9e97,dbdcd2
http://i.imgur.com/Gh2I3pq.jpg,b8a493,c3af9e,d0bcaa
https://i.redd.it/fyqzavufvjwy.jpg,e2b283,c9966d,a87c5b
https://i.redd.it/m4cfqp8wfv5z.jpg,d6d5d6,cccbcb,1b1c21
http://i.imgur.com/TKLs9lo.jpg,fefefe,f4f4f4,e2e3e5
http://i.imgur.com/FApqk3D.jpg,fefefe,f1c306,049e3e
http://i.imgur.com/lcEUZHv.jpg,fefefd,c6bec1,4.84E+58
https://i.redd.it/xae65ypfqycy.jpg,f4f4f3,c7392d,61302f
https://i.redd.it/lsuw4p2ncyny.jpg,9e7443,ba8e52,685538
https://i.redd.it/4m5yk8gjrtzy.jpg,290f0a,0c0303,6a3e29
http://i.imgur.com/M3NOzLC.jpg,908f80,4b4a3e,7d766b
https://i.redd.it/1nlgrn49x7ry.jpg,171512,312a1f,625a4d
https://i.redd.it/w5q6gldnvcuy.jpg,1a1d33,0e0e1a,b78481
https://i.redd.it/s5viyluv421z.jpg,bd854b,ab763e,734c2b
http://i.imgur.com/sXhEQez.jpg,fefefe,10101,c3c3c3
https://i.redd.it/h5t3qddvvzry.jpg,0c0a0a,29211d,4c3e35
https://i.redd.it/fsuv32a1cc9y.jpg,fcfcfc,6c5449,a18374
http://i.imgur.com/tyDhTll.jpg,0e0b08,201812,392d22
https://i.redd.it/7ofdqmp53bzy.jpg,b09f80,96856a,cfb593
http://i.imgur.com/puEqa4C.jpg,908a9a,2e221c,46332c
https://i.redd.it/cwljeujku33z.jpg,e3ded9,e8e5df,dad3cf
https://i.redd.it/cpkq97klre4z.jpg,a2a291,8d8979,757464
https://i.redd.it/ihczg3pmle3z.jpg,a1aa99,abb5a4,959e8d
http://i.imgur.com/RycdbMO.jpg,b5afa3,9b958a,384047
https://i.redd.it/sn7ufk9fsv4z.jpg,9a9085,867b74,c6cdd3
http://i.imgur.com/enhDnTM.jpg,fefefeff,cae6efff,eaf0f2ff
http://i.imgur.com/6pnYQUv.jpg,8c8c8f,1a1b1e,2b2c2e
http://i.imgur.com/pt9rmrv.jpg,fbe8d6,e7b799,fefefb
https://i.redd.it/n9jq5j2tatcy.jpg,242a33,a8a998,bfc1b8
https://i.redd.it/0qow2dksb34z.jpg,57623c,737053,958e5d
https://i.imgur.com/HRgRMOw.jpg,464d51,a5a1a7,3b8256
https://i.redd.it/rubsfuf64lvy.jpg,bab3a2,3a3b20,575031
https://i.redd.it/c5pk0vnpg3ty.jpg,6e80cc,fcfcfc,e7e8eb
https://i.redd.it/ru12lvaf7jyy.jpg,b6aeb0,9f9a99,181516
http://i.imgur.com/qvnjbVw.jpg,a7acb2,a1a5a9,989da2
https://i.redd.it/ax4eueu0szpy.jpg,bab9c7,9f8b87,b99f9a
https://i.redd.it/guul6eld2soy.jpg,857c68,534a32,6d6150
http://i.imgur.com/Gh2I3pq.jpg,b8a493,c3af9e,d0bcaa
https://i.redd.it/m4cfqp8wfv5z.jpg,d6d5d6,cccbcb,1b1c21
https://i.redd.it/tb5pckm6e72y.jpg,b3b1a7,9d9e97,dbdcd2
https://i.redd.it/fyqzavufvjwy.jpg,e2b283,c9966d,a87c5b
http://i.imgur.com/FApqk3D.jpg,fefefe,f1c306,049e3e
http://i.imgur.com/TKLs9lo.jpg,fefefe,f4f4f4,e2e3e5
https://i.redd.it/xae65ypfqycy.jpg,f4f4f3,c7392d,61302f
http://i.imgur.com/lcEUZHv.jpg,fefefd,c6bec1,4.84E+58
https://i.redd.it/4m5yk8gjrtzy.jpg,290f0a,0c0303,6a3e29
https://i.redd.it/lsuw4p2ncyny.jpg,9e7443,ba8e52,685538
https://i.redd.it/1nlgrn49x7ry.jpg,171512,312a1f,625a4d
http://i.imgur.com/M3NOzLC.jpg,908f80,4b4a3e,7d766b
https://i.redd.it/w5q6gldnvcuy.jpg,1a1d33,0e0e1a,b78481
https://i.redd.it/s5viyluv421z.jpg,bd854b,ab763e,734c2b
https://i.redd.it/h5t3qddvvzry.jpg,0c0a0a,29211d,4c3e35
http://i.imgur.com/sXhEQez.jpg,fefefe,10101,c3c3c3
https://i.redd.it/fsuv32a1cc9y.jpg,fcfcfc,6c5449,a18374
https://i.redd.it/cwljeujku33z.jpg,e3ded9,e8e5df,dad3cf
https://i.redd.it/7ofdqmp53bzy.jpg,b09f80,96856a,cfb593
http://i.imgur.com/tyDhTll.jpg,0e0b08,201812,392d22
https://i.redd.it/cpkq97klre4z.jpg,a2a291,8d8979,757464
https://i.redd.it/ihczg3pmle3z.jpg,a1aa99,abb5a4,959e8d
http://i.imgur.com/puEqa4C.jpg,908a9a,2e221c,46332c
http://i.imgur.com/RycdbMO.jpg,b5afa3,9b958a,384047
https://i.redd.it/sn7ufk9fsv4z.jpg,9a9085,867b74,c6cdd3
https://i.redd.it/n9jq5j2tatcy.jpg,242a33,a8a998,bfc1b8
http://i.imgur.com/enhDnTM.jpg,fefefeff,cae6efff,eaf0f2ff
https://i.redd.it/0qow2dksb34z.jpg,57623c,737053,958e5d
http://i.imgur.com/6pnYQUv.jpg,8c8c8f,1a1b1e,2b2c2e
http://i.imgur.com/pt9rmrv.jpg,fbe8d6,e7b799,fefefb
https://i.redd.it/rubsfuf64lvy.jpg,bab3a2,3a3b20,575031
https://i.imgur.com/HRgRMOw.jpg,464d51,a5a1a7,3b8256
https://i.redd.it/c5pk0vnpg3ty.jpg,6e80cc,fcfcfc,e7e8eb
https://i.redd.it/ru12lvaf7jyy.jpg,b6aeb0,9f9a99,181516
http://i.imgur.com/qvnjbVw.jpg,a7acb2,a1a5a9,989da2
https://i.redd.it/guul6eld2soy.jpg,857c68,534a32,6d6150
https://i.redd.it/ax4eueu0szpy.jpg,bab9c7,9f8b87,b99f9a
https://i.redd.it/tb5pckm6e72y.jpg,b3b1a7,9d9e97,dbdcd2
http://i.imgur.com/Gh2I3pq.jpg,b8a493,c3af9e,d0bcaa
https://i.redd.it/fyqzavufvjwy.jpg,e2b283,c9966d,a87c5b
https://i.redd.it/m4cfqp8wfv5z.jpg,d6d5d6,cccbcb,1b1c21
http://i.imgur.com/FApqk3D.jpg,fefefe,f1c306,049e3e
http://i.imgur.com/TKLs9lo.jpg,fefefe,f4f4f4,e2e3e5
https://i.redd.it/lsuw4p2ncyny.jpg,9e7443,ba8e52,685538
https://i.redd.it/xae65ypfqycy.jpg,f4f4f3,c7392d,61302f
http://i.imgur.com/lcEUZHv.jpg,fefefd,c6bec1,4.84E+58
https://i.redd.it/4m5yk8gjrtzy.jpg,290f0a,0c0303,6a3e29
https://i.redd.it/s5viyluv421z.jpg,bd854b,ab763e,734c2b
http://i.imgur.com/M3NOzLC.jpg,908f80,4b4a3e,7d766b
https://i.redd.it/w5q6gldnvcuy.jpg,1a1d33,0e0e1a,b78481
https://i.redd.it/1nlgrn49x7ry.jpg,171512,312a1f,625a4d
https://i.redd.it/h5t3qddvvzry.jpg,0c0a0a,29211d,4c3e35
http://i.imgur.com/sXhEQez.jpg,fefefe,10101,c3c3c3
https://i.redd.it/fsuv32a1cc9y.jpg,fcfcfc,6c5449,a18374
https://i.redd.it/7ofdqmp53bzy.jpg,b09f80,96856a,cfb593
https://i.redd.it/cwljeujku33z.jpg,e3ded9,e8e5df,dad3cf
http://i.imgur.com/tyDhTll.jpg,0e0b08,201812,392d22
https://i.redd.it/ihczg3pmle3z.jpg,a1aa99,abb5a4,959e8d
http://i.imgur.com/puEqa4C.jpg,908a9a,2e221c,46332c
https://i.redd.it/cpkq97klre4z.jpg,a2a291,8d8979,757464
http://i.imgur.com/RycdbMO.jpg,b5afa3,9b958a,384047
https://i.redd.it/sn7ufk9fsv4z.jpg,9a9085,867b74,c6cdd3
http://i.imgur.com/enhDnTM.jpg,fefefeff,cae6efff,eaf0f2ff
https://i.redd.it/n9jq5j2tatcy.jpg,242a33,a8a998,bfc1b8
http://i.imgur.com/pt9rmrv.jpg,fbe8d6,e7b799,fefefb
http://i.imgur.com/6pnYQUv.jpg,8c8c8f,1a1b1e,2b2c2e
https://i.redd.it/rubsfuf64lvy.jpg,bab3a2,3a3b20,575031
https://i.redd.it/0qow2dksb34z.jpg,57623c,737053,958e5d
https://i.imgur.com/HRgRMOw.jpg,464d51,a5a1a7,3b8256
https://i.redd.it/c5pk0vnpg3ty.jpg,6e80cc,fcfcfc,e7e8eb
https://i.redd.it/ru12lvaf7jyy.jpg,b6aeb0,9f9a99,181516
http://i.imgur.com/qvnjbVw.jpg,a7acb2,a1a5a9,989da2
https://i.redd.it/ax4eueu0szpy.jpg,bab9c7,9f8b87,b99f9a
https://i.redd.it/guul6eld2soy.jpg,857c68,534a32,6d6150
https://i.redd.it/tb5pckm6e72y.jpg,b3b1a7,9d9e97,dbdcd2
https://i.redd.it/fyqzavufvjwy.jpg,e2b283,c9966d,a87c5b
http://i.imgur.com/Gh2I3pq.jpg,b8a493,c3af9e,d0bcaa
https://i.redd.it/m4cfqp8wfv5z.jpg,d6d5d6,cccbcb,1b1c21
https://i.redd.it/lsuw4p2ncyny.jpg,9e7443,ba8e52,685538
